artifact_id,source_ref,source_path,count_or_checksum,evidence_state,verified_by,claim_supported
report,003a61deda02964c1b5f58e66eefc047c53f8896,05_Final_Report/final_report.md,sha256:5ba6f1a21233aa6c30f8110cf8aaf8712dbdcd424210d485eb7c784a7c2da46d,verified_artifact,sha256 checksum,template-based final report
tests,003a61deda02964c1b5f58e66eefc047c53f8896,04_Evaluation/test_results.txt,sha256:4685b2af7c361db7f9e7e7f9e01ffa74f3afee5f2515df191c66705871e3c022,verified_artifact,unittest command,30 tests passed
retrieval,003a61deda02964c1b5f58e66eefc047c53f8896,04_Evaluation/retrieval_metrics.json,sha256:cb793be2f416187df880278254203fba4f3f8e8e95cc5022ba5d7905a4aeb95c,verified_artifact,evaluation runner,Recall metrics and corpus statistics
answer,003a61deda02964c1b5f58e66eefc047c53f8896,04_Evaluation/answer_metrics.json,sha256:f2c1f56208c73afcb1c350f3d6b156246ec5c115c279b41d0d4200ce458ff9fe,verified_artifact,evaluation runner,automatic answer metrics
agent,003a61deda02964c1b5f58e66eefc047c53f8896,04_Evaluation/agent_metrics.json,sha256:9dc6c55dc029a678a004841c71412aa88c9ea426abff0c96b426515751b423f1,verified_artifact,evaluation runner,agent metrics by category
engineering,003a61deda02964c1b5f58e66eefc047c53f8896,04_Evaluation/engineering_metrics.json,sha256:2d4d5b9c6ebaea680d781a0a98d5ae81cf5d351a6b649189ca386d3756b9926a,verified_artifact,evaluation runner,latency and error metrics
embedding,003a61deda02964c1b5f58e66eefc047c53f8896,04_Evaluation/embedding_experiment.json,sha256:3984d7ae0fc3e0af4bee255faf62b786cbb4b60b82b64b4a4701ddfc2f3c5ce,verified_artifact,evaluation runner,20 chunk embedding experiment
failures,003a61deda02964c1b5f58e66eefc047c53f8896,04_Evaluation/failure_cases.json,sha256:37897ae1c30a0a2f5496da2d92a48755214d92f41ef8430665cb31a0072f9af4,verified_artifact,evaluation runner,three baseline failures
human_eval,003a61deda02964c1b5f58e66eefc047c53f8896,04_Evaluation/human_evaluation_v1.csv,sha256:622096d9436a40d734b9e45fe31a3e413a9087bc8a9a396297df80c4827f0947,draft_advisory,manual review required,ten question human handoff
prompt_eval,003a61deda02964c1b5f58e66eefc047c53f8896,04_Evaluation/prompt_experiment.json,sha256:b3cca4e0220af0ce5878523a864889268fee6412fe450b0bc0139a6ae1f566a6,draft_advisory,credentialed run required,two prompt five question design

